{"cameraMode":{"drawMode":2,"name":"Shaded Wireframe","section":"Shading Mode"},"sceneLighting":true,"audioPlay":false,"sceneViewState":{"m_AlwaysRefresh":false,"showFog":true,"showSkybox":true,"showFlares":true,"showImageEffects":true,"showParticleSystems":true,"showVisualEffectGraphs":true,"m_FxEnabled":true},"in2DMode":false,"pivot":{"x":-0.01249324344098568,"y":-0.04111596196889877,"z":-0.017930936068296434},"rotation":{"x":0.22787702083587647,"y":0.25742051005363467,"z":-0.06367176026105881,"w":0.9371467232704163},"size":1.255194902420044,"orthographic":false}