{"cameraMode":{"drawMode":0,"name":"Shaded","section":"Shading Mode"},"sceneLighting":true,"audioPlay":false,"sceneViewState":{"m_AlwaysRefresh":false,"showFog":true,"showSkybox":true,"showFlares":true,"showImageEffects":true,"showParticleSystems":true,"showVisualEffectGraphs":true,"m_FxEnabled":true},"in2DMode":false,"pivot":{"x":-65.99044036865235,"y":21.722097396850587,"z":-393.6386413574219},"rotation":{"x":0.002186885103583336,"y":0.822335422039032,"z":0.005406525451689959,"w":-0.5693513751029968},"size":21.649917602539064,"orthographic":false}